feature,coefficient
sulphates,0.8411716226093212
alcohol,0.2818895674091906
fixed acidity,0.023085333909277545
residual sugar,0.006564311041477501
free sulfur dioxide,0.005627334387082939
total sulfur dioxide,-0.003644448933869022
citric acid,-0.140821461224135
pH,-0.3936877323398687
volatile acidity,-1.001304434067824
chlorides,-1.8065031490473724
density,-10.351593588830141
