model,treatment,accuracy,precision_low,sensitivity_low,specificity_high,f1_low,balanced_accuracy,g_mean,roc_auc,tn,fp,fn,tp
SVM,Original,0.7622180451127819,0.7230769230769231,0.5904522613065326,0.8648648648648649,0.6500691562932227,0.7276585630856988,0.7146057760639976,0.8242413267538895,576,90,163,235
SVM,SMOTE,0.7622180451127819,0.6636568848758465,0.7386934673366834,0.7762762762762763,0.6991676575505351,0.7574848718064798,0.7572517508290963,0.8253731118052725,517,149,104,294
Random Forest,Class weight,0.7716165413533834,0.6876513317191283,0.7135678391959799,0.8063063063063063,0.7003699136868065,0.7599370727511431,0.7585210931286505,0.8337143676339657,537,129,114,284
