feature,value,shap_toward_low_quality
alcohol,9.6,0.22249000573941113
volatile acidity,0.33,0.07009044763223203
free sulfur dioxide,68.0,-0.01800302979400532
sulphates,0.5,0.014472199896636196
total sulfur dioxide,174.0,0.009550811386064742
fixed acidity,6.5,-0.0033707235952978067
chlorides,0.048,0.002305596750147541
density,0.99492,0.0018795762511208452
citric acid,0.38,-0.0014544596319227587
pH,3.14,-0.0011053572436001266
residual sugar,8.3,8.492823057542582e-05
wine_type,0.0,0.0
