param_smote__k_neighbors,mean_test_score,std_test_score,rank_test_score
5,0.7172886501699771,0.011619430363690684,1
3,0.7143683717948054,0.01215488983554907,2
7,0.7130657304762901,0.01813212448317555,3
