kernel,best_cv_roc_auc
rbf,0.8264571980694774
linear,0.8043496264205479
poly,0.7949568464390306
sigmoid,0.7027009938239173
